family,outcome,baseline_s,ancova,did
1,1. Out of Stock of Any Vaccine at Time of Survey,0.523,"0.011 (0.092) [p=0.906, N=83]","-0.048 (0.148) [p=0.747, N=178]"
1,12. Number of Providers Present Today,3.204,"-0.127 (0.283) [p=0.653, N=107]","0.196 (0.325) [p=0.548, N=216]"
1,13. Rated Emergency Reordering Procedure Somewhat or Very Easy,0.111,"-0.064 (0.062) [p=0.302, N=107]","-0.300 (0.109) [p=0.007, N=216]"
1,14. Ordered Medical Commodities More Frequently Than Every 3 Months,0.833,"0.128 (0.075) [p=0.088, N=107]","0.188 (0.101) [p=0.067, N=216]"
1,15. Number of FP Visits Completed in Last Month (All Methods Combined),121.978,"-2.875 (18.299) [p=0.875, N=91]","44.767 (35.509) [p=0.210, N=198]"
1,16. Number of New Clients Receiving FP in the Last Month,10.565,"0.564 (2.626) [p=0.831, N=90]","0.516 (3.493) [p=0.883, N=197]"
1,17. Out of Stock Prevented Helping a Patient in the Last Six Months,0.278,"-0.018 (0.057) [p=0.751, N=106]","-0.085 (0.105) [p=0.421, N=215]"
1,18. In Past 6 Months Staff Traveled to District Pharmacy to Place Emergency Orde,0.352,"0.066 (3.145) [p=0.983, N=107]","-0.192 (2.714) [p=0.944, N=216]"
1,19. Facility Has Working Fridge for Cold Chain Storage,0.815,"0.001 (0.048) [p=0.984, N=107]","0.001 (0.061) [p=0.991, N=216]"
1,1a. Out of Stock of Vaccine Janssen at Time of Survey,0.114,"0.143 (0.094) [p=0.132, N=83]","0.122 (0.130) [p=0.351, N=178]"
1,1b. Out of Stock of Vaccine AstraZeneca at Time of Survey,0.023,"0.024 (0.026) [p=0.342, N=83]","0.047 (0.035) [p=0.178, N=178]"
1,1c. Out of Stock of Vaccine Pfizer at Time of Survey,0.023,"0.000 (0.000) [p=., N=83]","-0.024 (0.043) [p=0.576, N=178]"
1,1d. Out of Stock of Pentavalent (DTC/Hepatitis B/Hib) at Time of Survey,0.023,"0.000 (0.000) [p=., N=83]","-0.093 (0.058) [p=0.111, N=178]"
1,1e. Out of Stock of Vaccine Pollio Injectable (VPI) at Time of Survey,0.091,"-0.044 (0.072) [p=0.547, N=83]","-0.043 (0.096) [p=0.652, N=178]"
1,1f. Out of Stock of Vaccine Pollio Oral (VPO) at Time of Survey,0.023,"-0.030 (0.031) [p=0.323, N=83]","-0.070 (0.054) [p=0.200, N=178]"
1,1g. Out of Stock of Vaccine Rotarix at Time of Survey,0.068,"-0.073 (0.063) [p=0.255, N=83]","-0.045 (0.082) [p=0.585, N=178]"
1,1h. Out of Stock of Vaccine Anti Rougeoleux (VAR) at Time of Survey,0.045,"-0.013 (0.016) [p=0.408, N=83]","-0.071 (0.064) [p=0.266, N=178]"
1,1i. Out of Stock of Vaccine Anti Tetanique (VAT) at Time of Survey,0.182,"0.084 (0.109) [p=0.442, N=83]","0.194 (0.141) [p=0.174, N=178]"
1,1j. Out of Stock of Vaccine Anti Pneumococcique (PCV10) at Time of Survey,0.295,"0.025 (0.109) [p=0.822, N=83]","-0.028 (0.137) [p=0.836, N=178]"
1,1k. Out of Stock of Vaccine BCG at Time of Survey,0.295,"0.172 (0.108) [p=0.113, N=83]","0.148 (0.142) [p=0.300, N=178]"
1,2. Out of Stock of Malaria Tests at Time of Survey,0.037,"-0.075 (0.047) [p=0.111, N=107]","-0.055 (0.057) [p=0.336, N=216]"
1,21. Informal Payment for Contraception,10.278,"-0.005 (0.349) [p=0.989, N=107]","0.392 (0.486) [p=0.422, N=216]"
1,3. Out of Stock of Malaria Tests in the 3 Months Before Survey,0.038,"-0.015 (0.039) [p=0.701, N=98]","-0.148 (0.066) [p=0.027, N=207]"
1,4. Out of Stock of Antimalarial Medicine at Time of Survey,0.093,"-0.036 (0.038) [p=0.356, N=107]","-0.057 (0.074) [p=0.441, N=216]"
1,5. Out of Stock of Any Contraceptive Method at Time of Survey,0.685,"0.018 (0.055) [p=0.748, N=107]","0.079 (0.110) [p=0.471, N=216]"
1,5a. Out of Stock of Implants at Time of Survey,0.222,"0.048 (0.088) [p=0.584, N=107]","0.117 (0.102) [p=0.252, N=216]"
1,5b. Out of Stock of Injectable Depo Provera at Time of Survey,0.556,"-0.075 (0.088) [p=0.398, N=107]","0.038 (0.148) [p=0.796, N=216]"
1,5c. Out of Stock of Injectable Sayana Press at Time of Survey,0.426,"-0.080 (0.079) [p=0.309, N=107]","0.002 (0.128) [p=0.989, N=216]"
1,5d. Out of Stock of Pills at Time of Survey,0.296,"0.058 (0.098) [p=0.552, N=107]","0.213 (0.129) [p=0.103, N=216]"
1,5e. Out of Stock of Male Condoms at Time of Survey,0.093,"0.178 (0.084) [p=0.035, N=107]","0.116 (0.112) [p=0.305, N=216]"
1,6. Out of Stock of Any Contraceptive Method in the 3 Months Before Survey,0.549,"-0.155 (0.096) [p=0.111, N=89]","-0.129 (0.126) [p=0.308, N=194]"
1,7. Out of Stock of LARC Removal Supplies at Time of Survey,0.000,"0.000 (0.000) [p=., N=107]","0.000 (0.000) [p=., N=216]"
1,8. Out of Stock of LARC Removal Supplies in the 3 Months Before Survey,0.000,"0.000 (0.000) [p=., N=107]","0.000 (0.000) [p=., N=216]"
6,39. Currently Using Any Contraceptive Method,0.458,"0.018 (0.024) [p=0.464, N=2879]",
6,39. Currently Using Any Contraceptive Method,0.465,,"-0.005 (0.035) [p=0.894, N=3890]"
6,40. Currently Using a Modern Contraceptive Method,0.457,"0.021 (0.024) [p=0.398, N=2879]",
6,40. Currently Using a Modern Contraceptive Method,0.462,,"-0.000 (0.036) [p=0.999, N=3890]"
6,41. Has Aligned and Preferred Contraceptive Use,0.827,,"0.061 (0.029) [p=0.039, N=3881]"
6,41. Has Aligned and Preferred Contraceptive Use,0.830,"0.007 (0.015) [p=0.628, N=2871]",
6,42. Has Unmet Need for Contraception,0.109,"-0.014 (0.012) [p=0.249, N=3377]",
6,42. Has Unmet Need for Contraception,0.109,,"-0.005 (0.020) [p=0.794, N=4576]"
6,43. Obtained Method from Public Facility,0.828,"2.110 (1.284) [p=0.103, N=1411]",
6,43. Obtained Method from Public Facility,0.847,,"2.043 (1.457) [p=0.164, N=1878]"
6,44. Obtained Method from Closest Facility to Home,0.798,"-0.323 (0.197) [p=0.105, N=1531]",
6,44. Obtained Method from Closest Facility to Home,0.803,,"-0.321 (0.187) [p=0.089, N=2024]"
6,"45. Among Those Not Using, Wishes They Were Using Contraception",0.274,"-0.001 (0.030) [p=0.976, N=1346]",
6,"45. Among Those Not Using, Wishes They Were Using Contraception",0.279,,"-0.130 (0.049) [p=0.009, N=1874]"
6,46. Received MII+,0.241,,"-0.016 (0.051) [p=0.751, N=2016]"
6,46. Received MII+,0.250,"-0.010 (0.023) [p=0.685, N=1523]",
6,47. FP User Would Refer a Friend to the Facility,0.728,,"-0.059 (0.054) [p=0.274, N=2016]"
6,47. FP User Would Refer a Friend to the Facility,0.741,"-0.022 (0.030) [p=0.457, N=1523]",
6,48. Made an Informal Payment,0.849,"-0.065 (0.034) [p=0.061, N=1084]",
6,48. Made an Informal Payment,0.863,,"-0.062 (0.054) [p=0.251, N=1488]"
6,49. There is Another Method They Would Prefer to Use,0.157,"0.032 (0.026) [p=0.222, N=1523]",
6,49. There is Another Method They Would Prefer to Use,0.180,,"-0.020 (0.053) [p=0.701, N=2016]"
6,"50. Among Users, Felt Had Enough Information to Make a Good Decision",0.535,,"-0.050 (0.066) [p=0.449, N=2016]"
6,"50. Among Users, Felt Had Enough Information to Make a Good Decision",0.574,"-0.027 (0.035) [p=0.447, N=1523]",
6,"51. Among Users, Felt They Could Not Say No to Using",0.259,,"-0.008 (0.052) [p=0.880, N=2016]"
6,"51. Among Users, Felt They Could Not Say No to Using",0.267,"0.008 (0.032) [p=0.790, N=1523]",
6,"60. Sought Healthcare from a Public or Private Facility, Ever",0.911,,"0.015 (0.020) [p=0.456, N=4576]"
6,"60. Sought Healthcare from a Public or Private Facility, Ever",0.911,"-0.018 (0.008) [p=0.034, N=3377]",
6,61. Sought Healthcare from a Public Facility the Most Recent Time,0.883,"-0.029 (0.039) [p=0.454, N=3232]",
6,61. Sought Healthcare from a Public Facility the Most Recent Time,0.885,,"-0.013 (0.040) [p=0.754, N=4305]"
6,62. Strongly Agree Staff Was Friendly,0.582,"0.050 (0.037) [p=0.177, N=2616]",
6,62. Strongly Agree Staff Was Friendly,0.587,,"0.104 (0.061) [p=0.091, N=3559]"
6,63. Strongly Agree Staff Gave All Information Needed,0.468,"-0.011 (0.036) [p=0.767, N=2616]",
6,63. Strongly Agree Staff Gave All Information Needed,0.472,,"0.038 (0.057) [p=0.513, N=3559]"
6,64. Strongly Agree Staff Provided High Quality Services,0.353,"0.017 (0.032) [p=0.595, N=2616]",
6,64. Strongly Agree Staff Provided High Quality Services,0.355,,"0.048 (0.053) [p=0.366, N=3559]"
6,65. Strongly Agree Staff Ensured Privacy,0.460,"0.034 (0.035) [p=0.339, N=2616]",
6,65. Strongly Agree Staff Ensured Privacy,0.461,,"0.083 (0.052) [p=0.115, N=3559]"
6,66. Strongly Agree Staff Involved Me in Decisions About My Care,0.374,"0.017 (0.036) [p=0.634, N=2616]",
6,66. Strongly Agree Staff Involved Me in Decisions About My Care,0.376,,"0.040 (0.050) [p=0.422, N=3559]"
6,67. Disagree or Strongly Disagree I Had to Wait a Long Time to Receive Care,0.015,"0.020 (0.007) [p=0.006, N=2616]",
6,67. Disagree or Strongly Disagree I Had to Wait a Long Time to Receive Care,0.017,,"0.018 (0.011) [p=0.124, N=3559]"
6,68. Disagree or Strongly Disagree Staff Did Not Have Methods,0.808,,"-0.040 (0.057) [p=0.481, N=2849]"
6,68. Disagree or Strongly Disagree Staff Did Not Have Methods,0.816,"-0.062 (0.037) [p=0.096, N=2078]",
6,69. Disagree or Strongly Disagree Staff Did Not Have Vaccines,0.882,"-0.032 (0.026) [p=0.213, N=2214]",
6,69. Disagree or Strongly Disagree Staff Did Not Have Vaccines,0.883,,"0.010 (0.037) [p=0.781, N=3000]"
6,70. Perceived High Quality Care at the Closest Facility,0.327,,"0.026 (0.061) [p=0.665, N=4576]"
6,70. Perceived High Quality Care at the Closest Facility,0.327,"0.062 (0.039) [p=0.118, N=3377]",
6,71. Those Highly Satisfied with Care Among Those at Public Facility in Last Year,0.562,,"0.004 (0.060) [p=0.952, N=2670]"
6,71. Those Highly Satisfied with Care Among Those at Public Facility in Last Year,0.563,"-0.022 (0.039) [p=0.574, N=1956]",
6,72. Those Who Rated Care as Excellent Quality at Public Facility in Last Year,0.423,"0.027 (0.036) [p=0.450, N=1956]",
6,72. Those Who Rated Care as Excellent Quality at Public Facility in Last Year,0.446,,"0.098 (0.054) [p=0.071, N=2670]"
6,73. Those Treated Very Well by Provider at Public Facility in Last Year,0.479,,"0.075 (0.056) [p=0.185, N=2670]"
6,73. Those Treated Very Well by Provider at Public Facility in Last Year,0.480,"0.030 (0.040) [p=0.463, N=1956]",
6,74. Those Very Confident They Could Receive Method Next Week at Closest Facility,0.019,,"0.019 (0.038) [p=0.622, N=2670]"
6,74. Those Very Confident They Could Receive Method Next Week at Closest Facility,0.024,"0.017 (0.036) [p=0.644, N=1956]",
6,75. Those Very Confident the Closest Facility Has a Reliable Supply of FP,0.019,,"0.033 (0.033) [p=0.313, N=2670]"
6,75. Those Very Confident the Closest Facility Has a Reliable Supply of FP,0.024,"0.022 (0.029) [p=0.438, N=1956]",
6,76. Those Very Confident in Receiving Vaccinations at the Closest Facility,0.014,,"-0.004 (0.048) [p=0.932, N=2670]"
6,76. Those Very Confident in Receiving Vaccinations at the Closest Facility,0.017,"-0.000 (0.046) [p=0.998, N=1956]",
8,"58. Among Children with Fever in Last Two Weeks, Pct Who Had Blood Taken",0.596,,"0.193 (0.093) [p=0.039, N=626]"
8,"58. Among Children with Fever in Last Two Weeks, Pct Who Had Blood Taken",0.618,"-0.057 (0.059) [p=0.332, N=362]",
8,"59. Among Children with Fever in Last Two Weeks, Pct Diagnosed with Malaria",0.404,"-0.903 (0.544) [p=0.101, N=362]",
8,"59. Among Children with Fever in Last Two Weeks, Pct Diagnosed with Malaria",0.404,,"-0.820 (0.642) [p=0.204, N=626]"
