id,family,outcome,model,effect_size,standard_error,p_value,observations,baseline_control_mean,effect_pct_baseline_control_mean
39,Women Survey Outcomes,Currently Using Any Contraceptive Method,ANCOVA,0.017990629012645327,0.024484148369700545,0.46406184336226025,2879,0.45847623187730774,3.9240047273507903
40,Women Survey Outcomes,Currently Using a Modern Contraceptive Method,ANCOVA,0.020579914731205535,0.02426067186506279,0.3981565790596857,2879,0.4566232731205833,4.506978934858379
41,Women Survey Outcomes,Has Aligned and Preferred Contraceptive Use,ANCOVA,0.00724804832595105,0.014911746564024598,0.6279072683653125,2871,0.8302350419056935,0.8730116123879962
42,Women Survey Outcomes,Has Unmet Need for Contraception,ANCOVA,-0.005047288762750914,0.0127661333728518,0.6933530130997584,3377,0.14470466771722001,-3.4879930567369537
62,Women Survey Outcomes,Strongly Agree Staff Was Friendly,ANCOVA,0.05035041045093836,0.03703088674754586,0.176841683031567,2616,0.581536963510167,8.658161666460963
63,Women Survey Outcomes,Strongly Agree Staff Gave All Information Needed,ANCOVA,-0.010559647817432712,0.03551046786060136,0.7667737139479345,2616,0.46825350688018164,-2.255113450786126
64,Women Survey Outcomes,Strongly Agree Staff Provided High Quality Services,ANCOVA,0.01711691875708063,0.032076026199588825,0.5947213408944451,2616,0.3528886832480011,4.850515068813158
65,Women Survey Outcomes,Strongly Agree Staff Ensured Privacy,ANCOVA,0.0335074715451892,0.034894057355597585,0.33912893600366273,2616,0.46012146433888207,7.2823100294470855
66,Women Survey Outcomes,Strongly Agree Staff Involved Me in Decisions About My Care,ANCOVA,0.017024674237229125,0.03563720957527182,0.6338411851561997,2616,0.37388964905712774,4.553395441719724
67,Women Survey Outcomes,Disagree or Strongly Disagree I Had to Wait a Long Time to Receive Care,ANCOVA,0.01959419235471841,0.006935804867760521,0.005658469188837799,2616,0.01504632192817333,130.22579503652295
68,Women Survey Outcomes,Disagree or Strongly Disagree Staff Did Not Have Methods,ANCOVA,-0.06174309803567352,0.036706818779361855,0.09555742135851371,2078,0.8161817474201087,-7.564871210467396
69,Women Survey Outcomes,Disagree or Strongly Disagree Staff Did Not Have Vaccines,ANCOVA,-0.03226381834590988,0.025766968456736924,0.21335515722175719,2214,0.8818757316895119,-3.6585447571052128
1,Facility Survey Outcomes,Out of Stock of Any Vaccine at Time of Survey,ANCOVA,0.010887187045156236,0.092050442610494,0.9061396954345058,83,0.5227272727272727,2.0827662173342363
2,Facility Survey Outcomes,Out of Stock of Malaria Tests at Time of Survey,ANCOVA,-0.07546470134691306,0.04689458920904736,0.11053792871845125,107,0.037037037037037035,-203.7546936366653
3,Facility Survey Outcomes,Out of Stock of Malaria Tests in the 3 Months Before Survey,ANCOVA,-0.014950496565294086,0.0388853599441707,0.7014671295772075,98,0.038461538461538464,-38.871291069764624
4,Facility Survey Outcomes,Out of Stock of Antimalarial Medicine at Time of Survey,ANCOVA,-0.03557823008341565,0.03840510944941323,0.356346132676718,107,0.09259259259259259,-38.424488490088905
5,Facility Survey Outcomes,Out of Stock of Any Contraceptive Method at Time of Survey,ANCOVA,0.017763856409915627,0.05514780753826152,0.7480010711986758,107,0.6851851851851852,2.5925628273930914
6,Facility Survey Outcomes,Out of Stock of Any Contraceptive Method in the 3 Months Before Survey,ANCOVA,-0.1547299684723931,0.09599169866313109,0.11056251054936529,89,0.5490196078431373,-28.182958543185883
58,Children's Outcomes,"Among Children with Fever in Last Two Weeks, Pct Who Had Blood Taken",ANCOVA,-0.05726900421384277,0.0587263839374842,0.3321729639848982,362,0.6177716390423572,-9.270254669285027
59,Children's Outcomes,"Among Children with Fever in Last Two Weeks, Pct Diagnosed with Malaria",ANCOVA,-0.09035495714040774,0.05804115662569942,0.12316280241494951,362,0.4041436464088397,-22.35713908737362
39,Women Survey Outcomes,Currently Using Any Contraceptive Method,DID,-0.004688100015144334,0.035117686423566746,0.8940489023546617,3890,0.4645030425963489,-1.009272186666444
40,Women Survey Outcomes,Currently Using a Modern Contraceptive Method,DID,-2.6472506479112813e-05,0.03559163424109779,0.9994079180007165,3890,0.46247464503042596,-0.005724098988685359
41,Women Survey Outcomes,Has Aligned and Preferred Contraceptive Use,DID,0.06130634034689339,0.02938859159546865,0.039328572199985305,3881,0.8272357723577236,7.410987580017579
42,Women Survey Outcomes,Has Unmet Need for Contraception,DID,-0.001062624994352844,0.024464908419087952,0.9654352518836589,4576,0.1447811447811448,-0.7339526123785922
62,Women Survey Outcomes,Strongly Agree Staff Was Friendly,DID,0.1040991181286938,0.06105932602434812,0.09109090683143092,3559,0.5866388308977035,17.745009816243535
63,Women Survey Outcomes,Strongly Agree Staff Gave All Information Needed,DID,0.03764078796073623,0.05732675157957996,0.5128343105723265,3559,0.4718162839248434,7.9778484217666605
64,Women Survey Outcomes,Strongly Agree Staff Provided High Quality Services,DID,0.04818701419178878,0.05305471502771095,0.36576772327719714,3559,0.35490605427974947,13.577399881098131
65,Women Survey Outcomes,Strongly Agree Staff Ensured Privacy,DID,0.08313796559890972,0.052394278098631474,0.1154870586643207,3559,0.4613778705636743,18.019495711256905
66,Women Survey Outcomes,Strongly Agree Staff Involved Me in Decisions About My Care,DID,0.04014781459576301,0.04979663094594323,0.4218787877350048,3559,0.3757828810020877,10.683779550761379
67,Women Survey Outcomes,Disagree or Strongly Disagree I Had to Wait a Long Time to Receive Care,DID,0.01763489312180192,0.011364540868669481,0.12364830776457914,3559,0.016701461377870562,105.58892256678902
68,Women Survey Outcomes,Disagree or Strongly Disagree Staff Did Not Have Methods,DID,-0.03997260741722987,0.056582805724962916,0.4814330961806624,2849,0.8076923076923077,-4.948989489752269
69,Women Survey Outcomes,Disagree or Strongly Disagree Staff Did Not Have Vaccines,DID,0.010365960047710213,0.03720229484587133,0.7810557240297629,3000,0.8829516539440203,1.1740121898415314
1,Facility Survey Outcomes,Out of Stock of Any Vaccine at Time of Survey,DID,-0.04797592095382618,0.1483547759236517,0.7471209430398591,178,0.5227272727272727,-9.178002269427617
2,Facility Survey Outcomes,Out of Stock of Malaria Tests at Time of Survey,DID,-0.05520614954577213,0.05711018216716931,0.3358735277325612,216,0.037037037037037035,-149.05660377358475
3,Facility Survey Outcomes,Out of Stock of Malaria Tests in the 3 Months Before Survey,DID,-0.14836212618917305,0.06600682674249019,0.026628512423923185,207,0.038461538461538464,-385.74152809184994
4,Facility Survey Outcomes,Out of Stock of Antimalarial Medicine at Time of Survey,DID,-0.05730258560447247,0.07414841084210662,0.4413232558758122,216,0.09259259259259259,-61.886792452830264
5,Facility Survey Outcomes,Out of Stock of Any Contraceptive Method at Time of Survey,DID,0.07931516422082452,0.10964923661887056,0.4710264614096347,216,0.6851851851851852,11.575726670066281
6,Facility Survey Outcomes,Out of Stock of Any Contraceptive Method in the 3 Months Before Survey,DID,-0.12917823528063213,0.1262238162356012,0.30849045803803854,194,0.5490196078431373,-23.528892854686564
58,Children's Outcomes,"Among Children with Fever in Last Two Weeks, Pct Who Had Blood Taken",DID,0.19345593089843652,0.09256334443645915,0.038967099514754695,626,0.5955056179775281,32.48599594332236
59,Children's Outcomes,"Among Children with Fever in Last Two Weeks, Pct Diagnosed with Malaria",DID,0.12998854328328904,0.09429440100850386,0.17088568681388064,626,0.4044943820224719,32.13605653392423
