Characteristic,Level,Drone (N=605),Control (N=594),"Total (N=1,199)",p-value
Age,15 - 19,124 (20.5%),115 (19.4%),239 (19.9%),0.85
,20 - 24,138 (22.8%),142 (23.9%),280 (23.4%),
,25 - 29,101 (16.7%),99 (16.7%),200 (16.7%),
,30 - 34,87 (14.4%),91 (15.3%),178 (14.8%),
,35 - 39,78 (12.9%),64 (10.8%),142 (11.8%),
,40 - 49,77 (12.7%),83 (14.0%),160 (13.3%),
Highest Level of Education Attended,No Education,62 (10.2%),67 (11.3%),129 (10.8%),0.94
,Primary,390 (64.5%),382 (64.3%),772 (64.4%),
,Secondary 1,135 (22.3%),128 (21.5%),263 (21.9%),
,Secondary 2,18 (3.0%),17 (2.9%),35 (2.9%),
Religion,Catholic,169 (27.9%),153 (25.8%),322 (26.9%),0.61
,Church of Jesus Christ in Madagascar (FJKM)/Malagasy Lutheran Church (FLM)/Angli,157 (26.0%),157 (26.4%),314 (26.2%),
,Muslim,2 (0.3%),2 (0.3%),4 (0.3%),
,Traditional/Animalist,19 (3.1%),29 (4.9%),48 (4.0%),
,"Fiangonana zandriny (Apokalipsy,Jesosy Mamonjy,Pentekotista,FPVM…)",30 (5.0%),36 (6.1%),66 (5.5%),
,No religion,228 (37.7%),217 (36.5%),445 (37.1%),
Religiosity,Strongly religious,121 (32.1%),119 (31.6%),240 (31.8%),0.26
,Somewhat religious,235 (62.3%),246 (65.3%),481 (63.8%),
,Not at all religious,21 (5.6%),12 (3.2%),33 (4.4%),
Degree Religion Influences Decisions on FP,Never,100 (28.1%),83 (22.7%),183 (25.4%),0.49
,Somewhat,51 (14.3%),50 (13.7%),101 (14.0%),
,Often/frequently,82 (23.0%),87 (23.8%),169 (23.4%),
,Always,110 (30.9%),130 (35.6%),240 (33.3%),
,Don’t know (about FP),13 (3.7%),15 (4.1%),28 (3.9%),
Marital Status,No,198 (32.7%),196 (33.0%),394 (32.9%),0.92
,Yes,407 (67.3%),398 (67.0%),805 (67.1%),
Marital Status Among Those Not Married,Widowed,7 (8.6%),5 (5.7%),12 (7.1%),0.77
,Divorced,1 (1.2%),1 (1.1%),2 (1.2%),
,Separated,73 (90.1%),81 (93.1%),154 (91.7%),
Ever Given Birth,No,112 (18.5%),108 (18.2%),220 (18.3%),0.88
,Yes,493 (81.5%),486 (81.8%),979 (81.7%),
Total Number of Pregnancies,,3.17 (1.87),3.15 (1.90),3.16 (1.88),0.87
Number of Live Births,,2.98 (1.86),3.01 (1.91),3.00 (1.88),0.80
Number of Living Children,,2.68 (1.73),2.66 (1.78),2.67 (1.75),0.85
Currently Using Any Contraceptive Method,No,263 (50.8%),264 (53.5%),527 (52.1%),0.38
,Yes,255 (49.2%),229 (46.5%),484 (47.9%),
Has Aligned and Preferred Contraceptive Use,No,120 (23.2%),85 (17.3%),205 (20.3%),0.02
,Yes,398 (76.8%),407 (82.7%),805 (79.7%),
"Among Those Not Using, Wishes They Were Using Contraception",No,151 (57.4%),191 (72.1%),342 (64.8%),0.00
,Yes,112 (42.6%),74 (27.9%),186 (35.2%),
Family planning method used,Injectable (regular),134 (52.5%),108 (47.2%),242 (50.00%),0.55
,Injectable (Sayana Press),38 (14.9%),44 (19.2%),82 (16.94%),
,Implant,44 (17.3%),43 (18.8%),87 (17.98%),
,Daily pill,21 (8.2%),20 (8.7%),41 (8.47%),
,Male condom,2 (0.8%),1 (0.4%),3 (0.62%),
,Emergency pill,1 (0.4%),0 (0.0%),1 (0.21%),
,Standard Days Method,11 (4.3%),9 (3.9%),20 (4.13%),
,Breastfeeding / LAM,0 (0.0%),2 (0.9%),2 (0.41%),
,Rhythm method,2 (0.8%),0 (0.0%),2 (0.41%),
,Withdrawal,2 (0.8%),1 (0.4%),3 (0.62%),
,Other (Specify),0 (0.0%),1 (0.4%),1 (0.21%),
