table,characteristic,level,statistic_type,drone_n,drone_denominator,drone_percent,control_n,control_denominator,control_percent,total_n,total_denominator,total_percent,p_value,drone_mean,drone_sd,control_mean,control_sd,total_mean,total_sd
Table 1a,Employee Assisting with Interview/Audit,In-charge/manager,n_percent,40,53.0,75.47169811320755,38,54.0,70.37037037037037,78,107.0,72.89719626168224,0.5528073525291899,,,,,,
Table 1a,Employee Assisting with Interview/Audit,Staff,n_percent,13,53.0,24.528301886792452,16,54.0,29.62962962962963,29,107.0,27.102803738317757,,,,,,,
Table 1a,Number of Providers Currently Assigned,2 - 3 Providers,n_percent,17,53.0,32.075471698113205,13,54.0,24.074074074074073,30,107.0,28.037383177570092,0.5256019867392223,,,,,,
Table 1a,Number of Providers Currently Assigned,4 - 5 Providers,n_percent,31,53.0,58.490566037735846,32,54.0,59.25925925925926,63,107.0,58.87850467289719,,,,,,,
Table 1a,Number of Providers Currently Assigned,6 - 8 Providers,n_percent,5,53.0,9.433962264150944,8,54.0,14.814814814814815,13,107.0,12.149532710280374,,,,,,,
Table 1a,Number of Providers Currently Assigned,9+ Providers,n_percent,0,53.0,0.0,1,54.0,1.8518518518518519,1,107.0,0.9345794392523364,,,,,,,
Table 1a,Number of Providers Present Today,No Providers,n_percent,1,53.0,1.8867924528301887,0,54.0,0.0,1,107.0,0.9345794392523364,0.07876827274057446,,,,,,
Table 1a,Number of Providers Present Today,1 Provider,n_percent,4,53.0,7.547169811320755,6,54.0,11.11111111111111,10,107.0,9.345794392523365,,,,,,,
Table 1a,Number of Providers Present Today,2 Providers,n_percent,36,53.0,67.9245283018868,25,54.0,46.2962962962963,61,107.0,57.00934579439252,,,,,,,
Table 1a,Number of Providers Present Today,3 Providers,n_percent,12,53.0,22.641509433962263,20,54.0,37.03703703703704,32,107.0,29.906542056074766,,,,,,,
Table 1a,Number of Providers Present Today,4 Providers,n_percent,0,53.0,0.0,3,54.0,5.555555555555555,3,107.0,2.803738317757009,,,,,,,
Table 1a,Designee In Charge of Stock Management,Doctor,n_percent,3,53.0,5.660377358490566,6,54.0,11.11111111111111,9,107.0,8.411214953271028,0.21921466346297408,,,,,,
Table 1a,Designee In Charge of Stock Management,Nurse,n_percent,19,53.0,35.84905660377358,21,54.0,38.888888888888886,40,107.0,37.38317757009346,,,,,,,
Table 1a,Designee In Charge of Stock Management,Dispenser,n_percent,24,53.0,45.283018867924525,26,54.0,48.148148148148145,50,107.0,46.728971962616825,,,,,,,
Table 1a,Designee In Charge of Stock Management,Community health worker,n_percent,1,53.0,1.8867924528301887,0,54.0,0.0,1,107.0,0.9345794392523364,,,,,,,
Table 1a,Designee In Charge of Stock Management,Midwife,n_percent,6,53.0,11.320754716981131,1,54.0,1.8518518518518519,7,107.0,6.542056074766355,,,,,,,
Table 1a,Designee Has Enough Dedicated Work Hours for Inventory Management,No,n_percent,7,53.0,13.20754716981132,11,54.0,20.37037037037037,18,107.0,16.822429906542055,0.3220131329655835,,,,,,
Table 1a,Designee Has Enough Dedicated Work Hours for Inventory Management,Yes,n_percent,46,53.0,86.79245283018868,43,54.0,79.62962962962963,89,107.0,83.17757009345794,,,,,,,
Table 1a,Rating of Emergency Re-Ordering Procedure,Very challenging,n_percent,9,53.0,16.9811320754717,8,54.0,14.814814814814815,17,107.0,15.88785046728972,0.0383837063063488,,,,,,
Table 1a,Rating of Emergency Re-Ordering Procedure,Somewhat challenging,n_percent,10,53.0,18.867924528301888,22,54.0,40.74074074074074,32,107.0,29.906542056074766,,,,,,,
Table 1a,Rating of Emergency Re-Ordering Procedure,Neutral,n_percent,17,53.0,32.075471698113205,18,54.0,33.333333333333336,35,107.0,32.71028037383178,,,,,,,
Table 1a,Rating of Emergency Re-Ordering Procedure,Somewhat easy,n_percent,16,53.0,30.18867924528302,6,54.0,11.11111111111111,22,107.0,20.560747663551403,,,,,,,
Table 1a,Rating of Emergency Re-Ordering Procedure,Very easy,n_percent,1,53.0,1.8867924528301887,0,54.0,0.0,1,107.0,0.9345794392523364,,,,,,,
Table 1a,Facility Has Electricity,No,n_percent,38,53.0,71.69811320754717,38,54.0,70.37037037037037,76,107.0,71.02803738317758,0.879680219561452,,,,,,
Table 1a,Facility Has Electricity,Yes,n_percent,15,53.0,28.30188679245283,16,54.0,29.62962962962963,31,107.0,28.97196261682243,,,,,,,
Table 1a,Facility Has Running Water,No,n_percent,49,53.0,92.45283018867924,49,54.0,90.74074074074075,98,107.0,91.58878504672897,0.7497108170925774,,,,,,
Table 1a,Facility Has Running Water,Yes,n_percent,4,53.0,7.547169811320755,5,54.0,9.25925925925926,9,107.0,8.411214953271028,,,,,,,
Table 1a,Facility Has Hand-Washing Facility,No,n_percent,29,53.0,54.716981132075475,25,54.0,46.2962962962963,54,107.0,50.467289719626166,0.38373099577899705,,,,,,
Table 1a,Facility Has Hand-Washing Facility,Yes,n_percent,24,53.0,45.283018867924525,29,54.0,53.7037037037037,53,107.0,49.532710280373834,,,,,,,
Table 1a,Frequency of Medical Commodities/Supplies Checked,Once a day,n_percent,1,53.0,1.8867924528301887,3,54.0,5.555555555555555,4,107.0,3.7383177570093458,0.476943018288976,,,,,,
Table 1a,Frequency of Medical Commodities/Supplies Checked,Once or twice a week,n_percent,5,53.0,9.433962264150944,3,54.0,5.555555555555555,8,107.0,7.4766355140186915,,,,,,,
Table 1a,Frequency of Medical Commodities/Supplies Checked,Once or twice a month,n_percent,47,53.0,88.67924528301887,47,54.0,87.03703703703704,94,107.0,87.85046728971963,,,,,,,
Table 1a,Frequency of Medical Commodities/Supplies Checked,Once or twice a year,n_percent,0,53.0,0.0,1,54.0,1.8518518518518519,1,107.0,0.9345794392523364,,,,,,,
Table 1a,Frequency of Medical Commodities/Supplies Ordered,Once or twice a week,n_percent,1,53.0,1.8867924528301887,0,54.0,0.0,1,107.0,0.9345794392523364,0.4589961214264796,,,,,,
Table 1a,Frequency of Medical Commodities/Supplies Ordered,Once or twice a month,n_percent,4,53.0,7.547169811320755,5,54.0,9.25925925925926,9,107.0,8.411214953271028,,,,,,,
Table 1a,Frequency of Medical Commodities/Supplies Ordered,Every other month,n_percent,35,53.0,66.0377358490566,40,54.0,74.07407407407408,75,107.0,70.09345794392523,,,,,,,
Table 1a,Frequency of Medical Commodities/Supplies Ordered,Every three months,n_percent,13,53.0,24.528301886792452,8,54.0,14.814814814814815,21,107.0,19.626168224299064,,,,,,,
Table 1a,Frequency of Medical Commodities/Supplies Ordered,Once or twice a year,n_percent,0,53.0,0.0,1,54.0,1.8518518518518519,1,107.0,0.9345794392523364,,,,,,,
Table 1a,Facility Has Service Roster Displayed,No,n_percent,45,53.0,84.90566037735849,42,54.0,77.77777777777777,87,107.0,81.30841121495327,0.3443469184855251,,,,,,
Table 1a,Facility Has Service Roster Displayed,Yes,n_percent,8,53.0,15.09433962264151,12,54.0,22.22222222222222,20,107.0,18.69158878504673,,,,,,,
Table 1a,Facility Has System to Solicit Client Opinions,No,n_percent,34,53.0,64.15094339622641,28,54.0,51.851851851851855,62,107.0,57.94392523364486,0.1975583316511977,,,,,,
Table 1a,Facility Has System to Solicit Client Opinions,Yes,n_percent,19,53.0,35.84905660377358,26,54.0,48.148148148148145,45,107.0,42.05607476635514,,,,,,,
Table 1b,Age,15 - 19,n_percent,124,605.0,20.49586776859504,115,594.0,19.36026936026936,239,1199.0,19.933277731442868,0.8476935757806507,,,,,,
Table 1b,Age,20 - 24,n_percent,138,605.0,22.8099173553719,142,594.0,23.905723905723907,280,1199.0,23.352793994995828,,,,,,,
Table 1b,Age,25 - 29,n_percent,101,605.0,16.694214876033058,99,594.0,16.666666666666668,200,1199.0,16.680567139282736,,,,,,,
Table 1b,Age,30 - 34,n_percent,87,605.0,14.380165289256198,91,594.0,15.31986531986532,178,1199.0,14.845704753961634,,,,,,,
Table 1b,Age,35 - 39,n_percent,78,605.0,12.892561983471074,64,594.0,10.774410774410775,142,1199.0,11.843202668890742,,,,,,,
Table 1b,Age,40 - 49,n_percent,77,605.0,12.727272727272727,83,594.0,13.973063973063972,160,1199.0,13.344453711426189,,,,,,,
Table 1b,Highest Level of Education Attended,No Education,n_percent,62,605.0,10.24793388429752,67,594.0,11.27946127946128,129,1199.0,10.758965804837365,0.9421571580167701,,,,,,
Table 1b,Highest Level of Education Attended,Primary,n_percent,390,605.0,64.46280991735537,382,594.0,64.3097643097643,772,1199.0,64.38698915763136,,,,,,,
Table 1b,Highest Level of Education Attended,Secondary 1,n_percent,135,605.0,22.31404958677686,128,594.0,21.54882154882155,263,1199.0,21.934945788156796,,,,,,,
Table 1b,Highest Level of Education Attended,Secondary 2,n_percent,18,605.0,2.975206611570248,17,594.0,2.861952861952862,35,1199.0,2.9190992493744785,,,,,,,
Table 1b,Religion,Catholic,n_percent,169,605.0,27.93388429752066,153,594.0,25.757575757575758,322,1199.0,26.855713094245203,0.609047020864914,,,,,,
Table 1b,Religion,Church of Jesus Christ in Madagascar (FJKM)/Malagasy Lutheran Church (FLM)/Angli,n_percent,157,605.0,25.950413223140497,157,594.0,26.430976430976433,314,1199.0,26.188490408673896,,,,,,,
Table 1b,Religion,Muslim,n_percent,2,605.0,0.3305785123966942,2,594.0,0.3367003367003367,4,1199.0,0.3336113427856547,,,,,,,
Table 1b,Religion,Traditional/Animalist,n_percent,19,605.0,3.1404958677685952,29,594.0,4.882154882154882,48,1199.0,4.0033361134278564,,,,,,,
Table 1b,Religion,"Fiangonana zandriny (Apokalipsy,Jesosy Mamonjy,Pentekotista,FPVM…)",n_percent,30,605.0,4.958677685950414,36,594.0,6.0606060606060606,66,1199.0,5.504587155963303,,,,,,,
Table 1b,Religion,No religion,n_percent,228,605.0,37.68595041322314,217,594.0,36.53198653198653,445,1199.0,37.11426188490409,,,,,,,
Table 1b,Religiosity,Strongly religious,n_percent,121,377.0,32.09549071618037,119,377.0,31.56498673740053,240,754.0,31.83023872679045,0.25630537190602803,,,,,,
Table 1b,Religiosity,Somewhat religious,n_percent,235,377.0,62.3342175066313,246,377.0,65.25198938992042,481,754.0,63.793103448275865,,,,,,,
Table 1b,Religiosity,Not at all religious,n_percent,21,377.0,5.570291777188329,12,377.0,3.183023872679045,33,754.0,4.376657824933687,,,,,,,
Table 1b,Degree Religion Influences Decisions on FP,Never,n_percent,100,356.0,28.089887640449437,83,365.0,22.73972602739726,183,721.0,25.381414701803052,0.48786422561733345,,,,,,
Table 1b,Degree Religion Influences Decisions on FP,Somewhat,n_percent,51,356.0,14.325842696629213,50,365.0,13.698630136986301,101,721.0,14.008321775312067,,,,,,,
Table 1b,Degree Religion Influences Decisions on FP,Often/frequently,n_percent,82,356.0,23.03370786516854,87,365.0,23.835616438356166,169,721.0,23.439667128987516,,,,,,,
Table 1b,Degree Religion Influences Decisions on FP,Always,n_percent,110,356.0,30.89887640449438,130,365.0,35.61643835616438,240,721.0,33.287101248266296,,,,,,,
Table 1b,Degree Religion Influences Decisions on FP,Don’t know (about FP),n_percent,13,356.0,3.651685393258427,15,365.0,4.109589041095891,28,721.0,3.883495145631068,,,,,,,
Table 1b,Marital Status,No,n_percent,198,605.0,32.72727272727273,196,594.0,32.996632996633,394,1199.0,32.86071726438699,0.920914828803112,,,,,,
Table 1b,Marital Status,Yes,n_percent,407,605.0,67.27272727272727,398,594.0,67.003367003367,805,1199.0,67.13928273561301,,,,,,,
Table 1b,Marital Status Among Those Not Married,Widowed,n_percent,7,81.0,8.641975308641975,5,87.0,5.747126436781609,12,168.0,7.142857142857143,0.7651698703330596,,,,,,
Table 1b,Marital Status Among Those Not Married,Divorced,n_percent,1,81.0,1.2345679012345678,1,87.0,1.1494252873563218,2,168.0,1.1904761904761905,,,,,,,
Table 1b,Marital Status Among Those Not Married,Separated,n_percent,73,81.0,90.12345679012346,81,87.0,93.10344827586206,154,168.0,91.66666666666667,,,,,,,
Table 1b,Ever Given Birth,No,n_percent,112,605.0,18.512396694214875,108,594.0,18.181818181818183,220,1199.0,18.34862385321101,0.8824527905472668,,,,,,
Table 1b,Ever Given Birth,Yes,n_percent,493,605.0,81.48760330578513,486,594.0,81.81818181818181,979,1199.0,81.65137614678899,,,,,,,
Table 1b,Total Number of Pregnancies,,mean_sd,493,,,486,,,979,,,0.8673535019047928,3.1744421906693714,1.8691972384596292,3.154320987654321,1.8992271493414663,3.164453524004086,1.8832278186691904
Table 1b,Number of Live Births,,mean_sd,493,,,486,,,979,,,0.7992529098375223,2.9837728194726165,1.8576747981283366,3.01440329218107,1.9097682576283472,2.998978549540347,1.8828140456835538
Table 1b,Number of Living Children,,mean_sd,493,,,486,,,979,,,0.8507514032128451,2.6795131845841786,1.728152288322634,2.6584362139917697,1.77572428174785,2.669050051072523,1.751065178762199
Table 1b,Currently Using Any Contraceptive Method,No,n_percent,263,518.0,50.77220077220077,264,493.0,53.54969574036511,527,1011.0,52.12660731948566,0.37687536997189186,,,,,,
Table 1b,Currently Using Any Contraceptive Method,Yes,n_percent,255,518.0,49.22779922779923,229,493.0,46.45030425963489,484,1011.0,47.87339268051434,,,,,,,
Table 1b,Has Aligned and Preferred Contraceptive Use,No,n_percent,120,518.0,23.166023166023166,85,492.0,17.276422764227643,205,1010.0,20.297029702970296,0.020015874544730073,,,,,,
Table 1b,Has Aligned and Preferred Contraceptive Use,Yes,n_percent,398,518.0,76.83397683397683,407,492.0,82.72357723577235,805,1010.0,79.70297029702971,,,,,,,
Table 1b,"Among Those Not Using, Wishes They Were Using Contraception",No,n_percent,151,263.0,57.41444866920152,191,265.0,72.0754716981132,342,528.0,64.77272727272727,0.00042149633412591074,,,,,,
Table 1b,"Among Those Not Using, Wishes They Were Using Contraception",Yes,n_percent,112,263.0,42.58555133079848,74,265.0,27.92452830188679,186,528.0,35.22727272727273,,,,,,,
Table 1b,Family planning method used,Injectable (regular),n_percent,134,255.0,52.549019607843135,108,229.0,47.161572052401745,242,484.0,50.0,0.5546801850626625,,,,,,
Table 1b,Family planning method used,Injectable (Sayana Press),n_percent,38,255.0,14.901960784313726,44,229.0,19.213973799126638,82,484.0,16.94214876033058,,,,,,,
Table 1b,Family planning method used,Implant,n_percent,44,255.0,17.254901960784313,43,229.0,18.777292576419214,87,484.0,17.975206611570247,,,,,,,
Table 1b,Family planning method used,Daily pill,n_percent,21,255.0,8.235294117647058,20,229.0,8.733624454148472,41,484.0,8.47107438016529,,,,,,,
Table 1b,Family planning method used,Male condom,n_percent,2,255.0,0.7843137254901961,1,229.0,0.4366812227074236,3,484.0,0.6198347107438017,,,,,,,
Table 1b,Family planning method used,Emergency pill,n_percent,1,255.0,0.39215686274509803,0,229.0,0.0,1,484.0,0.2066115702479339,,,,,,,
Table 1b,Family planning method used,Standard Days Method,n_percent,11,255.0,4.313725490196078,9,229.0,3.930131004366812,20,484.0,4.132231404958677,,,,,,,
Table 1b,Family planning method used,Breastfeeding / LAM,n_percent,0,255.0,0.0,2,229.0,0.8733624454148472,2,484.0,0.4132231404958678,,,,,,,
Table 1b,Family planning method used,Rhythm method,n_percent,2,255.0,0.7843137254901961,0,229.0,0.0,2,484.0,0.4132231404958678,,,,,,,
Table 1b,Family planning method used,Withdrawal,n_percent,2,255.0,0.7843137254901961,1,229.0,0.4366812227074236,3,484.0,0.6198347107438017,,,,,,,
Table 1b,Family planning method used,Other (Specify),n_percent,0,255.0,0.0,1,229.0,0.4366812227074236,1,484.0,0.2066115702479339,,,,,,,
